Name Organisation/Gruppen;Koordinaten;Ort (Stadt);Webseite;Kontakt (email);Kraftwerke;Besonderheit;News;kontaktiert; Kontaktpersonen;;
;;;;;;;[Unterseite];;;;
Greenpeace;;;;;;;;ja;apeters@greenpeace.de;karsten.smid@greenpeace.de;gmarini@greenpeace.de
BUND;;;;;;;;ja;juliane.dickel@bund.net;thorben.becker@bund.net;
Urgewald;;;;;;;;ja;katrin@urgewald.de;sebastian@urgewald.de;
ClientEarth;;;;;;;;ja;iwestphal@clientearth.org;;
Deutsche Umwelthilfe;;;;;;;;ja;zerger@duh.de;nicklas@duh.de;ahmels@duh.de
Umweltinstitut München;48.138380, 11.592604;München ;https://www.umweltinstitut.org;energie@umweltinstitut.org;"Heizkraftwerk Nord (München)
alle Kohlekraftwerke in kommunaler Hand (""Klimawende von unten"")";"Das Umweltinstitut koordiniert die Kampagne ""Klimawende von unten"": www.klimawende.org ";[link];ja;fb@umweltinstitut.org;pb@umweltinstitut.org;
Grüne Liga;;;;;;;;ja;umweltgruppe@kein-tagebau.de ;;
BürgerBegehren Klimaschutz e.V.;52.513400, 13.363005;Berlin;https://buerger-begehren-klimaschutz.de;info@buerger-begehren-klimaschutz.de;"Kohlekraftwerk Lünen
Kohlekraftwerk Krefeld
Berliner Kohlekraftwerke
Braunkohlekraftwerk Lippendorf
Heizkraftwerk Kassel
Heizkraftwerk Köln-Merkenich
Großkraftwerk Mannheim";"
2014 gründete BBK das Bündnis „Kohleausstieg Berlin“das sich seit 2014 gemeinsam für den Kohleausstieg in und um Berlin engagiert.
2017-2019 Kampagne und Petition „Rettet unser Wasser –  Neue Tagebaue ausschließen“
Unterstützung der Gründungn der Bündnisse „Leipzig kohlefrei“, „Kassel kohlefrei“,  „Klimawende Köln“, „Heidelberg kohlefrei“ im Rahmen der Kampagne „Klimawende von unten“. 
";[link];ja;haeublein@buerger-begehren-klimaschutz.de;info@buerger-begehren-klimaschutz.de;
Robin Wood;;;;;;;;;energie@robinwood.de;;
[350.org];;;;;;;;;kate@350.org;;
;;;;;;;;;;;
BUND Baden-Württemberg;48.785301, 9.187098;Stuttgart;https://www.bund-bawue.de;fritz.mielert@bund.net;Großkraftwerk Mannheim;;"[link]
[https://www.bund-bawue.de/themen/mensch-umwelt/klima-und-energie/klimaschutz/kohle-ausstieg/]";ja;fritz.mielert@bund.net;;
BUND Brandenburg (Ortsgruppe Spree-Neiße);52.405793, 13.090942;Potsdam;"www.bund-brandenburg.de
https://www.bund-brandenburg.de/braunkohle-klima/
";bund.brandenburg@bund.net;"Jänschwalde 
Schwarze Pumpe ";Mit Demonstrationen, juristischen Mitteln und Petitionen gehen wir gegen die immense Klima- und Umweltzerstörung durch die Braunkohleverstromung in der Lausitz vor. Schwerpunkte liegen dabei auf der Verhinderung des neuen Tagebaus Welzow-Süd II, der insolvenzfesten Sicherung der Rekultivierungsmittel vom Bergbaukonzern und der Wasserverschmutzung durch den Kohleabbau.;[link];ja;michaela.kruse@bund.net;;
BUND Brandenburg (Ortsgruppe Welzow);51.580368, 14.172888;Welzow;"https://www.bund-brandenburg.de
https://www.bund-brandenburg.de/braunkohle-klima/
";bund.brandenburg@bund.net;"Jänschwalde 
Schwarze Pumpe ";Mit Demonstrationen, juristischen Mitteln und Petitionen gehen wir gegen die immense Klima- und Umweltzerstörung durch die Braunkohleverstromung in der Lausitz vor. Schwerpunkte liegen dabei auf der Verhinderung des neuen Tagebaus Welzow-Süd II, der insolvenzfesten Sicherung der Rekultivierungsmittel vom Bergbaukonzern und der Wasserverschmutzung durch den Kohleabbau.;[link];ja;michaela.kruse@bund.net;;
BUND Brandenburg (Ortsgruppe Cottbus);51.768156, 14.347871;Cottbus;"https://www.bund-brandenburg.de
https://www.bund-brandenburg.de/braunkohle-klima/
";bund.brandenburg@bund.net;"Jänschwalde 
Schwarze Pumpe ";Mit Demonstrationen, juristischen Mitteln und Petitionen gehen wir gegen die immense Klima- und Umweltzerstörung durch die Braunkohleverstromung in der Lausitz vor. Schwerpunkte liegen dabei auf der Verhinderung des neuen Tagebaus Welzow-Süd II, der insolvenzfesten Sicherung der Rekultivierungsmittel vom Bergbaukonzern und der Wasserverschmutzung durch den Kohleabbau.;[link];ja;michaela.kruse@bund.net;;
BUND Bremen;;;;;;;;ja;katja.muchow@bund-bremen.net ;;
BUND Hamburg;;;;;;;;ja;manfred.braasch@bund-hamburg.de;;
BUND NRW e.V.;51.226111, 6.761972;Düsseldorf;"www.bund-nrw.de/trianel_luenen 
www.bund-nrw.de/datteln
www.bund-nrw.de/braunkohle



";" dirk.jansen@bund.net
thomas.kraemerkaemper@bund.net
";"Datteln 4
Lünen
Neurath
Niederaußem
Weisweiler
";"Der BUND NRW e.V. führt seit Jahrzehnten einen erfolgreichen Kampf gegen Kohlekraftwerke in NRW. Zahlreiche Neubauvorhaben wurden verhindert (Düsseldorf, Köln, Krefeld, Herne). Mit politischer Arbeit, Aktionen und Demonstrationen und auf juristischem Weg kämpft der BUND für einen schnellen Kohleausstieg. Mit Erfolg: Durch den gerichtlich erzwungenen Rodungsstopp im Hambacher Wald wurde verhindert, dass weitere 1,1 Milliarden Tonnen Braunkohle genutzt werden; die Steinkohlenkraftwerke Datteln 4 und Lünen wurden und werden erfolgreich beklagt; auch aktuell verfügen sie über keine rechtskräftigen Genehmigungen.";[link];ja;dirk.jansen@bund.net;thomas.kraemerkaemper@bund.net;
BUND Landesverband Sachsen e.V.;50.851413, 12.907064;Chemnitz;https://www.bund-sachsen.de;info@bund-sachsen.de;"Boxberg
Chemnitz 2 Nord
Lippendorf";Engagement gegen die Kohleverstromung und für die Energiewende in Sachsen ;[link];ja;david.greve@bund-sachsen.de;;
;;;;;;;;;;;
Greenpeace Bad Kreuznach;49.853659, 7.871134;Bad Kreuznach;https://www.badkreuznach.greenpeace.de/;info@badkreuznach.greenpeace.de ;Stadtwerke Bad Kreuznach; Wir fordern die Stadtwerke auf, auf Kohlestrom zu verzichten;[link];;;;
Greenpeace Cottbus;51.744405, 14.348896;Cottbus;https://www.cottbus.greenpeace.de;info@cottbus.greenpeace.de;"Jänschwalde
Schwarze Pumpe
Boxberg
Turow PL
";"Das Kraftwerk Turow in Polen im Dreiländereck liegt unmittelbar an der deutschen Grenze ohne positive UVP
";[link];;;;
 Greenpeace Oberlausitz;50.896971, 14.807609;Zittau;https://www.oberlausitz.greenpeace.de;info@oberlausitz.greenpeace.de;Turow PL;"Das Kraftwerk Turow in Polen im Dreiländereck liegt unmittelbar an der deutschen Grenze ohne positive UVP
";;;;;
Greenpeace Rostock;54.141715, 12.080716;Rostock;www.rostock.greenpeace.de;info@rostock.greenpeace.de;Rostock;Wir fordern, den Fernwärmeliefervertrag des SKK Rostock mit Stadtwerken Rostock auslaufen zu lassen;[link];;;;
Klimawende Köln;50.948294, 6.968341;Köln;"https://www.klimawende.koeln/
https://www.klimawende.org/klimawende-koeln";info@klimawende.koeln;"Köln-Merkenich
Rostock";"Mit zwei Bürgerbegehren wollen wir unsere RheinEnergie dazu bringen, spätestens 2030 nur noch Strom und Wärme aus Erneuerbare Energien zu liefern. Doch noch betreibt die RheinEnergie ein Braunkohlekraftwerk im Norden von Köln und  ist die RheinEnergie mit 49,6 % an dem Steinkohlekraftwerk in Rostock beteiligt. Wir fordern die RheinEnergie auf jetzt eine Solar-Offensive zu starten und das Braunkohlekrafterk in Köln-Merkenich spätestens 2025 stillzulegen.
Wir fordern die RheinEnergie auf, das Kraftwerk Rostock 2024 stillzulegen - dann läuft nämlich der Fernwärmeliefervertrag mit der Stadt Rostock aus";[link];ja;klimawendekoeln@posteo.de;;
Heidelberg kohlefrei;49.401904, 8.705616;Heidelberg;"https://hd-kohlefrei.de/
https://www.klimawende.org/heidelberg-kohlefrei";bund.heidelberg@bund.net;Großkraftwerk Mannheim ;Gespräche mit den Energieversorgern der Region, Parteien, Gemeinderäten und der Stadtverwaltung Heidelberg zu den Alternativen zur Steinkohleenergie und Energiegewinnung aus fossilen Energien, Info-Aktionen & Demos,  Positionspapiere, Vorträge, Aufklärungsarbeit zu Abbaubedingungen der Steinkohle, z.B. in der Republik Kolumbien, Vernetzung mit Aktivist*innen in und aus Abbaugebieten;"[link]
[https://hd-kohlefrei.de/blog/] ";ja;amany.vonoehsen@googlemail.com;;
Mannheim kohlefrei;49.486743, 8.500951;Mannheim;"https://www.mannheim-kohlefrei.de 
https://www.klimawende.org/mannheim-kohlefrei";mannheim_kohlefrei@riseup.net;Großkraftwerk Mannheim ;;[link];ja;Leon Brülke <lambrue@gmail.com>;;
Kassel kohlefrei;;;;;;;;ja;info@kassel-kohlefrei.de;;
"Bündnis Fossilfreies Flensburg
";54.789038, 9.396693;Flensburg;https://www.klimawende.org/flensburg-fossilfrei;flensburg.fossilfrei@posteo.de;Flensburg;"Unsere Forderungen und Ziele:
- eine von fossilen (und dazu aus fragwürdigen Quellen zugelieferten) Energien unabhängige Energieversorgung
- eine regionale, nachhaltige Energieerzeugung und mehr Kooperation (z.B. mit den zahlreich vorhandenen Onshore-Windparks, die bald aus der EEG-Förderung herausfallen)
- der generationenübergreifende Erhalt der Kommunalität unserer Stadtwerke

Unsere Tätigkeiten (u.a.):
- Durchführung von Informationsveranstaltungen
- Anregung von politischen Diskursen
- Wissensvernetzung";[link];ja;philipp.austermann@posteo.de;;
Klimainitiative Neumünster;;;;;;;;ja;energiewendeNMS@gmx.de;;
[Rostock];;;;;;;;;;;
[Bochum];;;;;;;;;;;
[Hannover];;;;;;;;;;;
;;;;;;;;;;;
;;;;;;;;;;;
Kohleausstieg Berlin;52.526688, 13.433222;Berlin;https://www.kohleausstieg-berlin.de/;info@kohleausstieg-berlin.de;"Klingenberg
Moabit
Reuter West
Jänschwalde
Boxberg
Schwarze Pume";"2016+2017 Bootsdemo „Coal & Boat“ vor Klingenberg 
2017 Abschaltung von Klingenberg
2017 Demo „Rote Linie“ vor  Moabit
2018 Bootsdemo „Coal & Boat“ vor Moabit 
2018 Demo „Rote Linie“ vor KW Moabit
2019 Demo „Rote Linie für Kohle, Gas und Müll“
Zur Vorstellung einer Machbarkeitsstudie Kohleausstieg in Berlin
2019 Bootsdemo „Coal & Boat“  in Potsdam
2019 Verbändedemo vor Jänschwalde
2017-2019 Kampagne und Petition „Rettet unser
Wasser –  Neue Tagebaue ausschließen“";[link];ja;info@kohleausstieg-berlin.de;;
Tschüss Kohle;;;;;;"
";;ja;info@tschuess-kohle.de;;
Raus aus der Steinkohle;48.110691, 11.557705;München;https://www.klimawende.org/raus-aus-der-steinkohle/;info@raus-aus-der-steinkohle.de;Heizkraftwerk Nord (München);;"
[link]
[https://twitter.com/Kohleausstieg_M] ";ja;info@raus-aus-der-steinkohle.de;;
;;;;;;;;;;;
Alle Dörfer Bleiben;;"Rheinland, Lausitz, 
Halle / Leipziger Land";www.alle-doerfer-bleiben.de;info@alle-doerfer-bleiben.de  ;alle Braunkohlekraftwerke in Deutschland;"Wir, die durch Tagebaue und Zwangsumsiedlung direkt betroffen sind, Aktive der Klimagerechtigkeitsbewegung, solidarische Bürgerinnen und Bürger. Weder im Rheinland, noch in der Lausitz, noch im Leipziger Land darf auch nur ein einziges weiteres Dorf dem Braunkohleabbau zum Opfer fallen. Wir stehen solidarisch dafür ein, dass in allen drei Regionen alle Siedlungen und Orte bestehen bleiben und ein lebendiges Zusammenleben sowie eine gerechte und selbstbestimmte Transformation möglich werden. Das heißt auch: Die Braunkohle muss im Boden bleiben, denn um die Klimakatastrophe abzuwenden, dürfen 1,5°C Erderwärmung nicht überschritten werden.  Wir organisieren z.B. Wald- und Dorfspaziergänge und Sternmärsche, bieten aktuell eine Veranstaltungsreihe ""Dienstage & Donnerstage für Dörfer"" an, beschäftigen uns mittlerweile auch mit Dorfentwicklung.  ";"https://www.alle-doerfer-bleiben.de/presse/pressemitteilungen/
Twitter: AlleDoerfer, Facebook: Alle Dörfer Bleiben
[link]  
";ja;ddresen@posteo.de;;
Alle Dörfer bleiben Halle/Leipziger Land;51.182988, 12.373092;;https://www.bund-sachsen.de/poedelwitz-bleibt/;poedelwitz.bleibt@bund-sachsen.de;Lippendorf;;;;;;
Menschenrecht vor Bergrecht;51.083623, 6.411620;Keyenberg (Erkelenz);https://menschenrecht-vor-bergrecht.de;"info@menschenrecht-vor-bergrecht.de
presse@menschenrecht-vor-bergrecht.de
";"Neurath
Niederaußem";Die Solidargemeinschaft von Menschenrecht vor Bergrecht (MvB) hat gemeinschaftlich eine Obstwiese am Ortsrand von Keyenberg (Stadt Erkelenz) erworben. Die Eigentümer*innen wollen damit den juristischen Weg bestreiten, um die Enteignung in Zeiten des Klimawandels zu verhindern. Alle Mitglieder von MvB wohnen in den gefährdeten Dörfern bei Garzweiler II oder am Tagebaurand.;[link];;;;
;;;;;;;;;;;
[FFF Ortsgruppen];;;;;;;;;;;
[EG Ortsgruppen];;;;;;;;;;;
[Decoalonize Europe];;;;;;;;;;;
;;;;;;;;;;;
Bund für Umwelt und Naturschhutz Regionalgruppe Leipzig (BUND Leipzig);51.350803, 12.360812;Leipzig;https://www.bund-leipzig.de/;[ausstehend];Lippendorf;;[link];ja;kontakt(at)bund-leipzig.de;;
